"","country","year","area","period","gear","district","catch","prop_AK_fish","prop_BC_fish","esc_AK","abund_AK","esc_BC","abund_BC"
"1","AK","1982","101-ANN",1,"GN",101,20915,0.93,0.07,15087107.5,27226461.121782,1598682,3927348.93312823
"2","AK","1982","101-ANN",1,"OG",101,69310,0.93,0.07,15087107.5,27226461.121782,1598682,3927348.93312823
"3","AK","1982","101-ANN",1,"SE",101,4023,0.93,0.07,15087107.5,27226461.121782,1598682,3927348.93312823
"4","AK","1982","101-ANN",2,"GN",101,13493,0.83,0.17,15087107.5,27226461.121782,1598682,3927348.93312823
"5","AK","1982","101-ANN",2,"OG",101,84519,0.83,0.17,15087107.5,27226461.121782,1598682,3927348.93312823
"6","AK","1982","101-ANN",2,"SE",101,36130,0.83,0.17,15087107.5,27226461.121782,1598682,3927348.93312823
"7","AK","1982","101-ANN",3,"GN",101,31334,0.42,0.58,15087107.5,27226461.121782,1598682,3927348.93312823
"8","AK","1982","101-ANN",3,"OG",101,166670,0.42,0.58,15087107.5,27226461.121782,1598682,3927348.93312823
"9","AK","1982","101-ANN",3,"SE",101,134080,0.42,0.58,15087107.5,27226461.121782,1598682,3927348.93312823
"10","AK","1982","101-ANN",4,"GN",101,96307,0.96,0.04,15087107.5,27226461.121782,1598682,3927348.93312823
"11","AK","1982","101-ANN",4,"OG",101,197138,0.96,0.04,15087107.5,27226461.121782,1598682,3927348.93312823
"12","AK","1982","101-ANN",4,"SE",101,247963,0.96,0.04,15087107.5,27226461.121782,1598682,3927348.93312823
"13","AK","1982","101-IN",0,"GN",101,0,1,0,15087107.5,27226461.121782,1598682,3927348.93312823
"14","AK","1982","101-IN",0,"SE",101,466052,1,0,15087107.5,27226461.121782,1598682,3927348.93312823
"15","AK","1982","101-IN",0,"TR",101,0,1,0,15087107.5,27226461.121782,1598682,3927348.93312823
"16","AK","1982","101-OUT",1,"GN",101,25463,0.93,0.07,15087107.5,27226461.121782,1598682,3927348.93312823
"17","AK","1982","101-OUT",1,"SE",101,128075,0.93,0.07,15087107.5,27226461.121782,1598682,3927348.93312823
"18","AK","1982","101-OUT",1,"TR",101,8268,0.95,0.05,15087107.5,27226461.121782,1598682,3927348.93312823
"19","AK","1982","101-OUT",2,"GN",101,43366,0.66,0.34,15087107.5,27226461.121782,1598682,3927348.93312823
"20","AK","1982","101-OUT",2,"SE",101,119492,0.83,0.17,15087107.5,27226461.121782,1598682,3927348.93312823
"21","AK","1982","101-OUT",2,"TR",101,9609,0.885,0.115,15087107.5,27226461.121782,1598682,3927348.93312823
"22","AK","1982","101-OUT",3,"GN",101,50546,0.36,0.64,15087107.5,27226461.121782,1598682,3927348.93312823
"23","AK","1982","101-OUT",3,"SE",101,835995,0.42,0.58,15087107.5,27226461.121782,1598682,3927348.93312823
"24","AK","1982","101-OUT",3,"TR",101,2163,0.665,0.335,15087107.5,27226461.121782,1598682,3927348.93312823
"25","AK","1982","101-OUT",4,"GN",101,229852,0.87,0.13,15087107.5,27226461.121782,1598682,3927348.93312823
"26","AK","1982","101-OUT",4,"SE",101,2389744,0.96,0.04,15087107.5,27226461.121782,1598682,3927348.93312823
"27","AK","1982","101-OUT",4,"TR",101,14556,0.975,0.025,15087107.5,27226461.121782,1598682,3927348.93312823
"28","AK","1982","102-IN",0,"SE",102,6607,1,0,15087107.5,27226461.121782,1598682,3927348.93312823
"29","AK","1982","102-OUT",1,"GN",102,0,0.97,0.03,15087107.5,27226461.121782,1598682,3927348.93312823
"30","AK","1982","102-OUT",1,"SE",102,7918,0.97,0.03,15087107.5,27226461.121782,1598682,3927348.93312823
"31","AK","1982","102-OUT",1,"TR",102,9326,0.97,0.03,15087107.5,27226461.121782,1598682,3927348.93312823
"32","AK","1982","102-OUT",2,"GN",102,0,0.94,0.0600000000000001,15087107.5,27226461.121782,1598682,3927348.93312823
"33","AK","1982","102-OUT",2,"SE",102,53722,0.94,0.0600000000000001,15087107.5,27226461.121782,1598682,3927348.93312823
"34","AK","1982","102-OUT",2,"TR",102,7513,0.94,0.0600000000000001,15087107.5,27226461.121782,1598682,3927348.93312823
"35","AK","1982","102-OUT",3,"GN",102,0,0.91,0.09,15087107.5,27226461.121782,1598682,3927348.93312823
"36","AK","1982","102-OUT",3,"SE",102,526845,0.91,0.09,15087107.5,27226461.121782,1598682,3927348.93312823
"37","AK","1982","102-OUT",3,"TR",102,2185,0.91,0.09,15087107.5,27226461.121782,1598682,3927348.93312823
"38","AK","1982","102-OUT",4,"GN",102,0,0.99,0.01,15087107.5,27226461.121782,1598682,3927348.93312823
"39","AK","1982","102-OUT",4,"SE",102,1063328,0.99,0.01,15087107.5,27226461.121782,1598682,3927348.93312823
"40","AK","1982","102-OUT",4,"TR",102,5608,0.99,0.01,15087107.5,27226461.121782,1598682,3927348.93312823
"41","AK","1982","103-IN",0,"SE",103,237538,1,0,15087107.5,27226461.121782,1598682,3927348.93312823
"42","AK","1982","103-IN",0,"TR",103,11914,1,0,15087107.5,27226461.121782,1598682,3927348.93312823
"43","AK","1982","103-OUT",1,"SE",103,0,0.9525,0.0475,15087107.5,27226461.121782,1598682,3927348.93312823
"44","AK","1982","103-OUT",2,"SE",103,0,0.935,0.0649999999999999,15087107.5,27226461.121782,1598682,3927348.93312823
"45","AK","1982","103-OUT",3,"SE",103,0,0.91,0.09,15087107.5,27226461.121782,1598682,3927348.93312823
"46","AK","1982","103-OUT",4,"SE",103,662355,0.98,0.02,15087107.5,27226461.121782,1598682,3927348.93312823
"47","AK","1982","104-NORTH",1,"SE",104,37010,0.81,0.19,15087107.5,27226461.121782,1598682,3927348.93312823
"48","AK","1982","104-NORTH",2,"SE",104,30540,0.84,0.16,15087107.5,27226461.121782,1598682,3927348.93312823
"49","AK","1982","104-NORTH",3,"SE",104,734525,0.77,0.23,15087107.5,27226461.121782,1598682,3927348.93312823
"50","AK","1982","104-NORTH",4,"SE",104,3009135,0.94,0.0600000000000001,15087107.5,27226461.121782,1598682,3927348.93312823
"51","AK","1982","104-SOUTH",1,"SE",104,31031,0.96,0.04,15087107.5,27226461.121782,1598682,3927348.93312823
"52","AK","1982","104-SOUTH",2,"SE",104,27198,0.842857143,0.157142857,15087107.5,27226461.121782,1598682,3927348.93312823
"53","AK","1982","104-SOUTH",3,"SE",104,344137,0.73,0.27,15087107.5,27226461.121782,1598682,3927348.93312823
"54","AK","1982","104-SOUTH",4,"SE",104,404726,0.98,0.02,15087107.5,27226461.121782,1598682,3927348.93312823
"55","AK","1982","104",1,"TR",104,11146,0.885,0.115,15087107.5,27226461.121782,1598682,3927348.93312823
"56","AK","1982","104",2,"TR",104,5119,0.841428571,0.158571429,15087107.5,27226461.121782,1598682,3927348.93312823
"57","AK","1982","104",3,"TR",104,7414,0.75,0.25,15087107.5,27226461.121782,1598682,3927348.93312823
"58","AK","1982","104",4,"TR",104,9270,0.96,0.04,15087107.5,27226461.121782,1598682,3927348.93312823
"59","AK","1982","105",1,"SE",105,0,1,0,15087107.5,27226461.121782,1598682,3927348.93312823
"60","AK","1982","105",1,"TR",105,754,1,0,15087107.5,27226461.121782,1598682,3927348.93312823
"61","AK","1982","105",2,"SE",105,0,1,0,15087107.5,27226461.121782,1598682,3927348.93312823
"62","AK","1982","105",2,"TR",105,1154,1,0,15087107.5,27226461.121782,1598682,3927348.93312823
"63","AK","1982","105",3,"SE",105,0,1,0,15087107.5,27226461.121782,1598682,3927348.93312823
"64","AK","1982","105",3,"TR",105,2857,1,0,15087107.5,27226461.121782,1598682,3927348.93312823
"65","AK","1982","105",4,"SE",105,99543,1,0,15087107.5,27226461.121782,1598682,3927348.93312823
"66","AK","1982","105",4,"TR",105,6375,1,0,15087107.5,27226461.121782,1598682,3927348.93312823
"67","AK","1982","106-IN",0,"GN",106,514,1,0,15087107.5,27226461.121782,1598682,3927348.93312823
"68","AK","1982","106-IN",0,"SE",106,0,1,0,15087107.5,27226461.121782,1598682,3927348.93312823
"69","AK","1982","106-IN",0,"TR",106,514,1,0,15087107.5,27226461.121782,1598682,3927348.93312823
"70","AK","1982","106-OUT",1,"GN",106,7668,0.99,0.01,15087107.5,27226461.121782,1598682,3927348.93312823
"71","AK","1982","106-OUT",1,"SE",106,0,0.99,0.01,15087107.5,27226461.121782,1598682,3927348.93312823
"72","AK","1982","106-OUT",1,"TR",106,712,0.99,0.01,15087107.5,27226461.121782,1598682,3927348.93312823
"73","AK","1982","106-OUT",2,"GN",106,7344,0.91,0.09,15087107.5,27226461.121782,1598682,3927348.93312823
"74","AK","1982","106-OUT",2,"SE",106,0,0.91,0.09,15087107.5,27226461.121782,1598682,3927348.93312823
"75","AK","1982","106-OUT",2,"TR",106,1261,0.91,0.09,15087107.5,27226461.121782,1598682,3927348.93312823
"76","AK","1982","106-OUT",3,"GN",106,0,0.95,0.05,15087107.5,27226461.121782,1598682,3927348.93312823
"77","AK","1982","106-OUT",3,"SE",106,0,0.95,0.05,15087107.5,27226461.121782,1598682,3927348.93312823
"78","AK","1982","106-OUT",3,"TR",106,2980,0.95,0.05,15087107.5,27226461.121782,1598682,3927348.93312823
"79","AK","1982","106-OUT",4,"GN",106,10467,1,0,15087107.5,27226461.121782,1598682,3927348.93312823
"80","AK","1982","106-OUT",4,"SE",106,0,1,0,15087107.5,27226461.121782,1598682,3927348.93312823
"81","AK","1982","106-OUT",4,"TR",106,4529,1,0,15087107.5,27226461.121782,1598682,3927348.93312823
"82","AK","1982","107-IN",0,"GN",107,0,1,0,15087107.5,27226461.121782,1598682,3927348.93312823
"83","AK","1982","107-IN",0,"SE",107,0,1,0,15087107.5,27226461.121782,1598682,3927348.93312823
"84","AK","1982","107-IN",0,"TR",107,0,1,0,15087107.5,27226461.121782,1598682,3927348.93312823
"85","AK","1982","107-OUT",1,"SE",107,0,1,0,15087107.5,27226461.121782,1598682,3927348.93312823
"86","AK","1982","107-OUT",1,"TR",107,703,1,0,15087107.5,27226461.121782,1598682,3927348.93312823
"87","AK","1982","107-OUT",2,"SE",107,0,1,0,15087107.5,27226461.121782,1598682,3927348.93312823
"88","AK","1982","107-OUT",2,"TR",107,160,1,0,15087107.5,27226461.121782,1598682,3927348.93312823
"89","AK","1982","107-OUT",3,"SE",107,0,1,0,15087107.5,27226461.121782,1598682,3927348.93312823
"90","AK","1982","107-OUT",3,"TR",107,0,1,0,15087107.5,27226461.121782,1598682,3927348.93312823
"91","AK","1982","107-OUT",4,"SE",107,109482,1,0,15087107.5,27226461.121782,1598682,3927348.93312823
"92","AK","1982","107-OUT",4,"TR",107,35,1,0,15087107.5,27226461.121782,1598682,3927348.93312823
"93","AK","1982","108-IN",0,"GN",108,0,1,0,15087107.5,27226461.121782,1598682,3927348.93312823
"94","AK","1982","108-IN",0,"TR",108,0,1,0,15087107.5,27226461.121782,1598682,3927348.93312823
"95","AK","1982","108-OUT",1,"GN",108,72,1,0,15087107.5,27226461.121782,1598682,3927348.93312823
"96","AK","1982","108-OUT",1,"TR",108,217,1,0,15087107.5,27226461.121782,1598682,3927348.93312823
"97","AK","1982","108-OUT",2,"GN",108,0,1,0,15087107.5,27226461.121782,1598682,3927348.93312823
"98","AK","1982","108-OUT",2,"TR",108,0,1,0,15087107.5,27226461.121782,1598682,3927348.93312823
"99","AK","1982","108-OUT",3,"GN",108,8399,1,0,15087107.5,27226461.121782,1598682,3927348.93312823
"100","AK","1982","108-OUT",3,"TR",108,0,1,0,15087107.5,27226461.121782,1598682,3927348.93312823
"101","AK","1982","108-OUT",4,"GN",108,8517,1,0,15087107.5,27226461.121782,1598682,3927348.93312823
"102","AK","1982","108-OUT",4,"TR",108,4,1,0,15087107.5,27226461.121782,1598682,3927348.93312823
"103","AK","1982","150",1,"TR",150,0,0.960833333,0.039166667,15087107.5,27226461.121782,1598682,3927348.93312823
"104","AK","1982","150",2,"TR",150,0,0.905952381,0.094047619,15087107.5,27226461.121782,1598682,3927348.93312823
"105","AK","1982","150",3,"TR",150,0,0.85,0.15,15087107.5,27226461.121782,1598682,3927348.93312823
"106","AK","1982","150",4,"TR",150,0,0.983333333,0.016666667,15087107.5,27226461.121782,1598682,3927348.93312823
"107","AK","1982","152",1,"TR",152,2070,0.885,0.115,15087107.5,27226461.121782,1598682,3927348.93312823
"108","AK","1982","152",2,"TR",152,1891,0.841428571,0.158571429,15087107.5,27226461.121782,1598682,3927348.93312823
"109","AK","1982","152",3,"TR",152,2925,0.75,0.25,15087107.5,27226461.121782,1598682,3927348.93312823
"110","AK","1982","152",4,"TR",152,4793,0.96,0.04,15087107.5,27226461.121782,1598682,3927348.93312823
"111","BC","1982","2W",1,"TR",2,0,0,1,15087107.5,27226461.121782,1598682,3927348.93312823
"112","BC","1982","2W",2,"TR",2,0,0,1,15087107.5,27226461.121782,1598682,3927348.93312823
"113","BC","1982","2W",3,"TR",2,0,0,1,15087107.5,27226461.121782,1598682,3927348.93312823
"114","BC","1982","2W",4,"TR",2,0,0,1,15087107.5,27226461.121782,1598682,3927348.93312823
"115","BC","1982","3-(1)",1,"GN",3,5511.533002,0.87,0.13,15087107.5,27226461.121782,1598682,3927348.93312823
"116","BC","1982","3-(1)",1,"SE",3,24222.07693,0.87,0.13,15087107.5,27226461.121782,1598682,3927348.93312823
"117","BC","1982","3-(1)",2,"GN",3,3693.252019,0.49,0.51,15087107.5,27226461.121782,1598682,3927348.93312823
"118","BC","1982","3-(1)",2,"SE",3,92569.56423,0.49,0.51,15087107.5,27226461.121782,1598682,3927348.93312823
"119","BC","1982","3-(1)",3,"GN",3,2036.642671,0.26,0.74,15087107.5,27226461.121782,1598682,3927348.93312823
"120","BC","1982","3-(1)",3,"SE",3,82744.65096,0.26,0.74,15087107.5,27226461.121782,1598682,3927348.93312823
"121","BC","1982","3-(1)",4,"GN",3,115.4797391,0.74,0.26,15087107.5,27226461.121782,1598682,3927348.93312823
"122","BC","1982","3-(1)",4,"SE",3,111796.5413,0.74,0.26,15087107.5,27226461.121782,1598682,3927348.93312823
"123","BC","1982","3-(2-4)",1,"GN",3,353.7879279,0.48,0.52,15087107.5,27226461.121782,1598682,3927348.93312823
"124","BC","1982","3-(2-4)",1,"SE",3,11945.24495,0.48,0.52,15087107.5,27226461.121782,1598682,3927348.93312823
"125","BC","1982","3-(2-4)",2,"GN",3,1781.537429,0.33,0.67,15087107.5,27226461.121782,1598682,3927348.93312823
"126","BC","1982","3-(2-4)",2,"SE",3,85694.4572,0.33,0.67,15087107.5,27226461.121782,1598682,3927348.93312823
"127","BC","1982","3-(2-4)",3,"GN",3,8908.736963,0.3,0.7,15087107.5,27226461.121782,1598682,3927348.93312823
"128","BC","1982","3-(2-4)",3,"SE",3,178468.855,0.3,0.7,15087107.5,27226461.121782,1598682,3927348.93312823
"129","BC","1982","3-(2-4)",4,"GN",3,16051.68373,0.63,0.37,15087107.5,27226461.121782,1598682,3927348.93312823
"130","BC","1982","3-(2-4)",4,"SE",3,164809.9034,0.63,0.37,15087107.5,27226461.121782,1598682,3927348.93312823
"131","BC","1982","3-(7-17)",1,"GN",3,953.2327554,0.44,0.56,15087107.5,27226461.121782,1598682,3927348.93312823
"132","BC","1982","3-(7-17)",1,"SE",3,8806.829578,0.44,0.56,15087107.5,27226461.121782,1598682,3927348.93312823
"133","BC","1982","3-(7-17)",2,"GN",3,6259.001859,0.33,0.67,15087107.5,27226461.121782,1598682,3927348.93312823
"134","BC","1982","3-(7-17)",2,"SE",3,0,0.33,0.67,15087107.5,27226461.121782,1598682,3927348.93312823
"135","BC","1982","3-(7-17)",3,"GN",3,3406.652303,0.27,0.73,15087107.5,27226461.121782,1598682,3927348.93312823
"136","BC","1982","3-(7-17)",3,"SE",3,152788.6064,0.27,0.73,15087107.5,27226461.121782,1598682,3927348.93312823
"137","BC","1982","3-(7-17)",4,"GN",3,11458.73957,1,0,15087107.5,27226461.121782,1598682,3927348.93312823
"138","BC","1982","3-(7-17)",4,"SE",3,70211.27,1,0,15087107.5,27226461.121782,1598682,3927348.93312823
"139","BC","1982","3",1,"TR",3,4750,0.87,0.13,15087107.5,27226461.121782,1598682,3927348.93312823
"140","BC","1982","3",2,"TR",3,6755,0.49,0.51,15087107.5,27226461.121782,1598682,3927348.93312823
"141","BC","1982","3",3,"TR",3,3189,0.26,0.74,15087107.5,27226461.121782,1598682,3927348.93312823
"142","BC","1982","3",4,"TR",3,15803,0.74,0.26,15087107.5,27226461.121782,1598682,3927348.93312823
"143","BC","1982","4-IN",0,"GN",4,131555.3275,0,1,15087107.5,27226461.121782,1598682,3927348.93312823
"144","BC","1982","4-IN",0,"SE",4,40905.62751,0,1,15087107.5,27226461.121782,1598682,3927348.93312823
"145","BC","1982","4-OUT",1,"GN",4,8441.575263,0.93,0.07,15087107.5,27226461.121782,1598682,3927348.93312823
"146","BC","1982","4-OUT",1,"SE",4,25.05196078,0.93,0.07,15087107.5,27226461.121782,1598682,3927348.93312823
"147","BC","1982","4-OUT",2,"GN",4,6568.841747,0.64,0.36,15087107.5,27226461.121782,1598682,3927348.93312823
"148","BC","1982","4-OUT",2,"SE",4,78265.62053,0.64,0.36,15087107.5,27226461.121782,1598682,3927348.93312823
"149","BC","1982","4-OUT",3,"GN",4,1224.646757,0.08,0.92,15087107.5,27226461.121782,1598682,3927348.93312823
"150","BC","1982","4-OUT",3,"SE",4,0,0.08,0.92,15087107.5,27226461.121782,1598682,3927348.93312823
"151","BC","1982","4-OUT",4,"GN",4,67.20872527,0.085,0.915,15087107.5,27226461.121782,1598682,3927348.93312823
"152","BC","1982","4-OUT",4,"SE",4,0,0.085,0.915,15087107.5,27226461.121782,1598682,3927348.93312823
"153","BC","1982","4",1,"TR",4,2125,0.93,0.07,15087107.5,27226461.121782,1598682,3927348.93312823
"154","BC","1982","4",2,"TR",4,4773,0.64,0.36,15087107.5,27226461.121782,1598682,3927348.93312823
"155","BC","1982","4",3,"TR",4,2140,0.08,0.92,15087107.5,27226461.121782,1598682,3927348.93312823
"156","BC","1982","4",4,"TR",4,3553,0.085,0.915,15087107.5,27226461.121782,1598682,3927348.93312823
"157","BC","1982","5-IN",0,"GN",5,16325.88282,0,1,15087107.5,27226461.121782,1598682,3927348.93312823
"158","BC","1982","5-IN",0,"SE",5,54701.96489,0,1,15087107.5,27226461.121782,1598682,3927348.93312823
"159","BC","1982","5-OUT",1,"GN",5,2737.541055,0.775,0.225,15087107.5,27226461.121782,1598682,3927348.93312823
"160","BC","1982","5-OUT",1,"SE",5,151.479628,0.775,0.225,15087107.5,27226461.121782,1598682,3927348.93312823
"161","BC","1982","5-OUT",2,"GN",5,2251.630088,0.62,0.38,15087107.5,27226461.121782,1598682,3927348.93312823
"162","BC","1982","5-OUT",2,"SE",5,511.4304867,0.62,0.38,15087107.5,27226461.121782,1598682,3927348.93312823
"163","BC","1982","5-OUT",3,"GN",5,137.4507219,0.19,0.81,15087107.5,27226461.121782,1598682,3927348.93312823
"164","BC","1982","5-OUT",3,"SE",5,0,0.19,0.81,15087107.5,27226461.121782,1598682,3927348.93312823
"165","BC","1982","5-OUT",4,"GN",5,488.9953112,0.09,0.91,15087107.5,27226461.121782,1598682,3927348.93312823
"166","BC","1982","5-OUT",4,"SE",5,0,0.09,0.91,15087107.5,27226461.121782,1598682,3927348.93312823
"167","BC","1982","5",1,"TR",5,1435,0.775,0.225,15087107.5,27226461.121782,1598682,3927348.93312823
"168","BC","1982","5",2,"TR",5,840,0.62,0.38,15087107.5,27226461.121782,1598682,3927348.93312823
"169","BC","1982","5",3,"TR",5,768,0.19,0.81,15087107.5,27226461.121782,1598682,3927348.93312823
"170","BC","1982","5",4,"TR",5,1491,0.09,0.91,15087107.5,27226461.121782,1598682,3927348.93312823
"171","BC","1982","1-IN",0,"SE",1,0,0,1,15087107.5,27226461.121782,1598682,3927348.93312823
"172","BC","1982","1-OUT",1,"GN",1,2,0.85,0.15,15087107.5,27226461.121782,1598682,3927348.93312823
"173","BC","1982","1-OUT",1,"SE",1,3908,0.85,0.15,15087107.5,27226461.121782,1598682,3927348.93312823
"174","BC","1982","1-OUT",2,"GN",1,105,0.69,0.31,15087107.5,27226461.121782,1598682,3927348.93312823
"175","BC","1982","1-OUT",2,"SE",1,12437,0.69,0.31,15087107.5,27226461.121782,1598682,3927348.93312823
"176","BC","1982","1-OUT",3,"GN",1,0,0.78,0.22,15087107.5,27226461.121782,1598682,3927348.93312823
"177","BC","1982","1-OUT",3,"SE",1,1645,0.78,0.22,15087107.5,27226461.121782,1598682,3927348.93312823
"178","BC","1982","1-OUT",4,"GN",1,0,0.86,0.14,15087107.5,27226461.121782,1598682,3927348.93312823
"179","BC","1982","1-OUT",4,"SE",1,0,0.86,0.14,15087107.5,27226461.121782,1598682,3927348.93312823
"180","BC","1982","1",1,"TR",1,16257,0.91,0.09,15087107.5,27226461.121782,1598682,3927348.93312823
"181","BC","1982","1",2,"TR",1,20376,0.765,0.235,15087107.5,27226461.121782,1598682,3927348.93312823
"182","BC","1982","1",3,"TR",1,2928,0.725,0.275,15087107.5,27226461.121782,1598682,3927348.93312823
"183","BC","1982","1",4,"TR",1,16679,0.9,0.1,15087107.5,27226461.121782,1598682,3927348.93312823
"184","BC","1982","2E",0,"GN",2,0,0,1,15087107.5,27226461.121782,1598682,3927348.93312823
"185","BC","1982","2E",0,"SE",2,0,0,1,15087107.5,27226461.121782,1598682,3927348.93312823
"186","BC","1982","2E",1,"TR",2,0,0,1,15087107.5,27226461.121782,1598682,3927348.93312823
"187","BC","1982","2E",2,"TR",2,0,0,1,15087107.5,27226461.121782,1598682,3927348.93312823
"188","BC","1982","2E",3,"TR",2,0,0,1,15087107.5,27226461.121782,1598682,3927348.93312823
"189","BC","1982","2E",4,"TR",2,0,0,1,15087107.5,27226461.121782,1598682,3927348.93312823
"190","BC","1982","2W",0,"GN",2,0,0,1,15087107.5,27226461.121782,1598682,3927348.93312823
"191","BC","1982","2W",0,"SE",2,0,0,1,15087107.5,27226461.121782,1598682,3927348.93312823
"192","BC","1982","1-IN",0,"GN",1,0,0,1,15087107.5,27226461.121782,1598682,3927348.93312823
"193","AK","1984","107-IN",0,"GN",107,98,1,0,22518040,43640421.6279693,2945083,7433301.26367968
"194","AK","1984","107-IN",0,"TR",107,98,1,0,22518040,43640421.6279693,2945083,7433301.26367968
"195","AK","1984","107-OUT",1,"SE",107,0,1,0,22518040,43640421.6279693,2945083,7433301.26367968
"196","AK","1984","107-OUT",1,"TR",107,207,1,0,22518040,43640421.6279693,2945083,7433301.26367968
"197","AK","1984","107-IN",0,"SE",107,113642,1,0,22518040,43640421.6279693,2945083,7433301.26367968
"198","AK","1984","107-OUT",2,"TR",107,49,1,0,22518040,43640421.6279693,2945083,7433301.26367968
"199","AK","1984","107-OUT",3,"SE",107,156803,1,0,22518040,43640421.6279693,2945083,7433301.26367968
"200","AK","1984","107-OUT",3,"TR",107,0,1,0,22518040,43640421.6279693,2945083,7433301.26367968
"201","AK","1984","107-OUT",4,"SE",107,105,1,0,22518040,43640421.6279693,2945083,7433301.26367968
"202","AK","1984","107-OUT",4,"TR",107,48,1,0,22518040,43640421.6279693,2945083,7433301.26367968
"203","AK","1984","108-IN",0,"GN",108,0,1,0,22518040,43640421.6279693,2945083,7433301.26367968
"204","AK","1984","108-IN",0,"TR",108,0,1,0,22518040,43640421.6279693,2945083,7433301.26367968
"205","AK","1984","108-OUT",1,"GN",108,0,1,0,22518040,43640421.6279693,2945083,7433301.26367968
"206","AK","1984","108-OUT",1,"TR",108,0,1,0,22518040,43640421.6279693,2945083,7433301.26367968
"207","AK","1984","108-OUT",2,"GN",108,3573,1,0,22518040,43640421.6279693,2945083,7433301.26367968
"208","AK","1984","108-OUT",2,"TR",108,5,1,0,22518040,43640421.6279693,2945083,7433301.26367968
"209","AK","1984","108-OUT",3,"GN",108,1372,1,0,22518040,43640421.6279693,2945083,7433301.26367968
"210","AK","1984","107-OUT",2,"SE",107,0,1,0,22518040,43640421.6279693,2945083,7433301.26367968
"211","AK","1984","105",2,"SE",105,0,1,0,22518040,43640421.6279693,2945083,7433301.26367968
"212","AK","1984","105",2,"TR",105,4204,1,0,22518040,43640421.6279693,2945083,7433301.26367968
"213","AK","1984","105",3,"SE",105,87934,1,0,22518040,43640421.6279693,2945083,7433301.26367968
"214","AK","1984","105",3,"TR",105,9855,1,0,22518040,43640421.6279693,2945083,7433301.26367968
"215","AK","1984","105",4,"SE",105,130525,1,0,22518040,43640421.6279693,2945083,7433301.26367968
"216","AK","1984","105",4,"TR",105,2697,1,0,22518040,43640421.6279693,2945083,7433301.26367968
"217","AK","1984","106-IN",0,"GN",106,378,1,0,22518040,43640421.6279693,2945083,7433301.26367968
"218","AK","1984","106-IN",0,"SE",106,0,1,0,22518040,43640421.6279693,2945083,7433301.26367968
"219","AK","1984","106-IN",0,"TR",106,378,1,0,22518040,43640421.6279693,2945083,7433301.26367968
"220","AK","1984","106-OUT",1,"GN",106,19760,0.995,0.005,22518040,43640421.6279693,2945083,7433301.26367968
"221","AK","1984","106-OUT",1,"SE",106,0,0.995,0.005,22518040,43640421.6279693,2945083,7433301.26367968
"222","AK","1984","106-OUT",1,"TR",106,354,0.995,0.005,22518040,43640421.6279693,2945083,7433301.26367968
"223","AK","1984","106-OUT",2,"GN",106,99201,0.955,0.045,22518040,43640421.6279693,2945083,7433301.26367968
"224","AK","1984","106-OUT",2,"SE",106,0,0.955,0.045,22518040,43640421.6279693,2945083,7433301.26367968
"225","AK","1984","106-OUT",2,"TR",106,5120,0.955,0.045,22518040,43640421.6279693,2945083,7433301.26367968
"226","AK","1984","106-OUT",3,"GN",106,115567,0.975,0.025,22518040,43640421.6279693,2945083,7433301.26367968
"227","AK","1984","106-OUT",3,"SE",106,0,0.975,0.025,22518040,43640421.6279693,2945083,7433301.26367968
"228","AK","1984","106-OUT",3,"TR",106,4325,0.975,0.025,22518040,43640421.6279693,2945083,7433301.26367968
"229","AK","1984","106-OUT",4,"GN",106,108727,1,0,22518040,43640421.6279693,2945083,7433301.26367968
"230","AK","1984","106-OUT",4,"SE",106,106565,1,0,22518040,43640421.6279693,2945083,7433301.26367968
"231","AK","1984","106-OUT",4,"TR",106,2504,1,0,22518040,43640421.6279693,2945083,7433301.26367968
"232","AK","1984","101-ANN",1,"GN",101,96047,0.99,0.01,22518040,43640421.6279693,2945083,7433301.26367968
"233","AK","1984","101-ANN",1,"OG",101,67649,0.99,0.01,22518040,43640421.6279693,2945083,7433301.26367968
"234","AK","1984","101-ANN",1,"SE",101,3383,0.99,0.01,22518040,43640421.6279693,2945083,7433301.26367968
"235","AK","1984","101-ANN",2,"GN",101,118654,0.97,0.03,22518040,43640421.6279693,2945083,7433301.26367968
"236","AK","1984","101-ANN",2,"OG",101,179912,0.97,0.03,22518040,43640421.6279693,2945083,7433301.26367968
"237","AK","1984","101-ANN",2,"SE",101,102559,0.97,0.03,22518040,43640421.6279693,2945083,7433301.26367968
"238","AK","1984","101-ANN",3,"GN",101,109090,0.98,0.02,22518040,43640421.6279693,2945083,7433301.26367968
"239","AK","1984","101-ANN",3,"OG",101,205114,0.98,0.02,22518040,43640421.6279693,2945083,7433301.26367968
"240","AK","1984","101-ANN",3,"SE",101,242663,0.98,0.02,22518040,43640421.6279693,2945083,7433301.26367968
"241","AK","1984","101-ANN",4,"GN",101,80569,0.76,0.24,22518040,43640421.6279693,2945083,7433301.26367968
"242","AK","1984","101-ANN",4,"OG",101,196783,0.76,0.24,22518040,43640421.6279693,2945083,7433301.26367968
"243","AK","1984","101-ANN",4,"SE",101,153860,0.76,0.24,22518040,43640421.6279693,2945083,7433301.26367968
"244","AK","1984","101-IN",0,"GN",101,0,1,0,22518040,43640421.6279693,2945083,7433301.26367968
"245","AK","1984","101-IN",0,"SE",101,410189,1,0,22518040,43640421.6279693,2945083,7433301.26367968
"246","AK","1984","101-IN",0,"TR",101,0,1,0,22518040,43640421.6279693,2945083,7433301.26367968
"247","AK","1984","101-OUT",1,"GN",101,75362,0.95,0.05,22518040,43640421.6279693,2945083,7433301.26367968
"248","AK","1984","101-OUT",1,"SE",101,110012,0.99,0.01,22518040,43640421.6279693,2945083,7433301.26367968
"249","AK","1984","101-OUT",1,"TR",101,569,0.995,0.005,22518040,43640421.6279693,2945083,7433301.26367968
"250","AK","1984","101-OUT",2,"GN",101,315097,0.8,0.2,22518040,43640421.6279693,2945083,7433301.26367968
"251","AK","1984","101-OUT",2,"SE",101,2155076,0.97,0.03,22518040,43640421.6279693,2945083,7433301.26367968
"252","AK","1984","101-OUT",2,"TR",101,7000,0.93,0.07,22518040,43640421.6279693,2945083,7433301.26367968
"253","AK","1984","101-OUT",3,"GN",101,215793,0.51,0.49,22518040,43640421.6279693,2945083,7433301.26367968
"254","AK","1984","101-OUT",3,"SE",101,2333791,0.98,0.02,22518040,43640421.6279693,2945083,7433301.26367968
"255","AK","1984","101-OUT",3,"TR",101,2508,0.975,0.025,22518040,43640421.6279693,2945083,7433301.26367968
"256","AK","1984","101-OUT",4,"GN",101,114454,0.32,0.68,22518040,43640421.6279693,2945083,7433301.26367968
"257","AK","1984","101-OUT",4,"SE",101,698649,0.76,0.24,22518040,43640421.6279693,2945083,7433301.26367968
"258","AK","1984","101-OUT",4,"TR",101,3306,0.88,0.12,22518040,43640421.6279693,2945083,7433301.26367968
"259","AK","1984","102-IN",0,"SE",102,5762,1,0,22518040,43640421.6279693,2945083,7433301.26367968
"260","AK","1984","102-OUT",1,"GN",102,0,1,0,22518040,43640421.6279693,2945083,7433301.26367968
"261","AK","1984","102-OUT",1,"SE",102,16959,1,0,22518040,43640421.6279693,2945083,7433301.26367968
"262","AK","1984","102-OUT",1,"TR",102,781,1,0,22518040,43640421.6279693,2945083,7433301.26367968
"263","AK","1984","102-OUT",2,"GN",102,403,0.89,0.11,22518040,43640421.6279693,2945083,7433301.26367968
"264","AK","1984","102-OUT",2,"SE",102,263946,0.89,0.11,22518040,43640421.6279693,2945083,7433301.26367968
"265","AK","1984","102-OUT",2,"TR",102,8691,0.89,0.11,22518040,43640421.6279693,2945083,7433301.26367968
"266","AK","1984","102-OUT",3,"GN",102,6964,0.97,0.03,22518040,43640421.6279693,2945083,7433301.26367968
"267","AK","1984","102-OUT",3,"SE",102,1037822,0.97,0.03,22518040,43640421.6279693,2945083,7433301.26367968
"268","AK","1984","102-OUT",3,"TR",102,1120,0.97,0.03,22518040,43640421.6279693,2945083,7433301.26367968
"269","AK","1984","102-OUT",4,"GN",102,7112,1,0,22518040,43640421.6279693,2945083,7433301.26367968
"270","AK","1984","102-OUT",4,"SE",102,1018561,1,0,22518040,43640421.6279693,2945083,7433301.26367968
"271","AK","1984","102-OUT",4,"TR",102,1044,1,0,22518040,43640421.6279693,2945083,7433301.26367968
"272","AK","1984","103-IN",0,"SE",103,1375289,1,0,22518040,43640421.6279693,2945083,7433301.26367968
"273","AK","1984","103-IN",0,"TR",103,22650,1,0,22518040,43640421.6279693,2945083,7433301.26367968
"274","AK","1984","103-OUT",1,"SE",103,0,0.96625,0.0337499999999999,22518040,43640421.6279693,2945083,7433301.26367968
"275","AK","1984","103-OUT",2,"SE",103,0,0.9325,0.0675,22518040,43640421.6279693,2945083,7433301.26367968
"276","AK","1984","103-OUT",3,"SE",103,210999,0.9625,0.0375,22518040,43640421.6279693,2945083,7433301.26367968
"277","AK","1984","103-OUT",4,"SE",103,664075,0.98125,0.01875,22518040,43640421.6279693,2945083,7433301.26367968
"278","AK","1984","104-NORTH",1,"SE",104,22589,0.97,0.03,22518040,43640421.6279693,2945083,7433301.26367968
"279","AK","1984","104-NORTH",2,"SE",104,337780,0.86,0.14,22518040,43640421.6279693,2945083,7433301.26367968
"280","AK","1984","104-NORTH",3,"SE",104,1956212,0.99,0.01,22518040,43640421.6279693,2945083,7433301.26367968
"281","AK","1984","104-NORTH",4,"SE",104,655063,0.98,0.02,22518040,43640421.6279693,2945083,7433301.26367968
"282","AK","1984","104-SOUTH",1,"SE",104,35974,0.98,0.02,22518040,43640421.6279693,2945083,7433301.26367968
"283","AK","1984","104-SOUTH",2,"SE",104,733298,0.82,0.18,22518040,43640421.6279693,2945083,7433301.26367968
"284","AK","1984","104-SOUTH",3,"SE",104,1731606,0.89,0.11,22518040,43640421.6279693,2945083,7433301.26367968
"285","AK","1984","104-SOUTH",4,"SE",104,654019,0.9,0.1,22518040,43640421.6279693,2945083,7433301.26367968
"286","AK","1984","104",1,"TR",104,4531,0.975,0.025,22518040,43640421.6279693,2945083,7433301.26367968
"287","AK","1984","104",2,"TR",104,18908,0.84,0.16,22518040,43640421.6279693,2945083,7433301.26367968
"288","AK","1984","104",3,"TR",104,18464,0.94,0.0600000000000001,22518040,43640421.6279693,2945083,7433301.26367968
"289","AK","1984","104",4,"TR",104,2181,0.94,0.0600000000000001,22518040,43640421.6279693,2945083,7433301.26367968
"290","AK","1984","105",1,"SE",105,0,1,0,22518040,43640421.6279693,2945083,7433301.26367968
"291","AK","1984","105",1,"TR",105,734,1,0,22518040,43640421.6279693,2945083,7433301.26367968
"292","BC","1984","1-IN",0,"GN",1,1526,0,1,22518040,43640421.6279693,2945083,7433301.26367968
"293","BC","1984","1-IN",0,"SE",1,333806,0,1,22518040,43640421.6279693,2945083,7433301.26367968
"294","BC","1984","1-OUT",1,"GN",1,315,0.86,0.14,22518040,43640421.6279693,2945083,7433301.26367968
"295","BC","1984","1-OUT",1,"SE",1,3865,0.86,0.14,22518040,43640421.6279693,2945083,7433301.26367968
"296","BC","1984","1-OUT",2,"GN",1,95,0.74,0.26,22518040,43640421.6279693,2945083,7433301.26367968
"297","BC","1984","1-OUT",2,"SE",1,15075,0.74,0.26,22518040,43640421.6279693,2945083,7433301.26367968
"298","BC","1984","1-OUT",3,"GN",1,46,0.36,0.64,22518040,43640421.6279693,2945083,7433301.26367968
"299","BC","1984","1-OUT",3,"SE",1,44144,0.36,0.64,22518040,43640421.6279693,2945083,7433301.26367968
"300","BC","1984","1-OUT",4,"GN",1,1008,0.37,0.63,22518040,43640421.6279693,2945083,7433301.26367968
"301","BC","1984","1-OUT",4,"SE",1,281111,0.37,0.63,22518040,43640421.6279693,2945083,7433301.26367968
"302","BC","1984","1",1,"TR",1,103946,0.861666667,0.138333333,22518040,43640421.6279693,2945083,7433301.26367968
"303","BC","1984","1",2,"TR",1,314801,0.783333333,0.216666667,22518040,43640421.6279693,2945083,7433301.26367968
"304","BC","1984","1",3,"TR",1,427726,0.663333333,0.336666667,22518040,43640421.6279693,2945083,7433301.26367968
"305","BC","1984","1",4,"TR",1,331041,0.646666667,0.353333333,22518040,43640421.6279693,2945083,7433301.26367968
"306","BC","1984","2E",0,"GN",2,0,0,1,22518040,43640421.6279693,2945083,7433301.26367968
"307","BC","1984","2E",0,"SE",2,0,0,1,22518040,43640421.6279693,2945083,7433301.26367968
"308","BC","1984","2E",1,"TR",2,0,0,1,22518040,43640421.6279693,2945083,7433301.26367968
"309","BC","1984","2E",2,"TR",2,0,0,1,22518040,43640421.6279693,2945083,7433301.26367968
"310","BC","1984","2E",3,"TR",2,0,0,1,22518040,43640421.6279693,2945083,7433301.26367968
"311","BC","1984","2E",4,"TR",2,0,0,1,22518040,43640421.6279693,2945083,7433301.26367968
"312","BC","1984","2W",0,"GN",2,0,0,1,22518040,43640421.6279693,2945083,7433301.26367968
"313","BC","1984","2W",0,"SE",2,0,0,1,22518040,43640421.6279693,2945083,7433301.26367968
"314","BC","1984","2W",1,"TR",2,0,0,1,22518040,43640421.6279693,2945083,7433301.26367968
"315","BC","1984","2W",2,"TR",2,0,0,1,22518040,43640421.6279693,2945083,7433301.26367968
"316","BC","1984","2W",3,"TR",2,0,0,1,22518040,43640421.6279693,2945083,7433301.26367968
"317","BC","1984","2W",4,"TR",2,0,0,1,22518040,43640421.6279693,2945083,7433301.26367968
"318","BC","1984","3-(1)",1,"GN",3,15128.54987,0.84,0.16,22518040,43640421.6279693,2945083,7433301.26367968
"319","BC","1984","3-(1)",1,"SE",3,165921.047,0.84,0.16,22518040,43640421.6279693,2945083,7433301.26367968
"320","BC","1984","3-(1)",2,"GN",3,8925.38107,0.62,0.38,22518040,43640421.6279693,2945083,7433301.26367968
"321","BC","1984","3-(1)",2,"SE",3,141097.2479,0.62,0.38,22518040,43640421.6279693,2945083,7433301.26367968
"322","BC","1984","3-(1)",3,"GN",3,4257.07663,0.28,0.72,22518040,43640421.6279693,2945083,7433301.26367968
"323","BC","1984","3-(1)",3,"SE",3,180177.8757,0.28,0.72,22518040,43640421.6279693,2945083,7433301.26367968
"324","BC","1984","3-(1)",4,"GN",3,422.8116925,0.05,0.95,22518040,43640421.6279693,2945083,7433301.26367968
"325","BC","1984","3-(1)",4,"SE",3,65718.70947,0.05,0.95,22518040,43640421.6279693,2945083,7433301.26367968
"326","BC","1984","3-(2-4)",1,"GN",3,15638.24068,0.89,0.11,22518040,43640421.6279693,2945083,7433301.26367968
"327","BC","1984","3-(2-4)",1,"SE",3,238431.0575,0.89,0.11,22518040,43640421.6279693,2945083,7433301.26367968
"328","BC","1984","3-(2-4)",2,"GN",3,15157.50958,0.6,0.4,22518040,43640421.6279693,2945083,7433301.26367968
"329","BC","1984","3-(2-4)",2,"SE",3,301685.7751,0.6,0.4,22518040,43640421.6279693,2945083,7433301.26367968
"330","BC","1984","3-(2-4)",3,"GN",3,15429.73081,0.53,0.47,22518040,43640421.6279693,2945083,7433301.26367968
"331","AK","1984","108-OUT",3,"TR",108,0,1,0,22518040,43640421.6279693,2945083,7433301.26367968
"332","AK","1984","108-OUT",4,"GN",108,15,1,0,22518040,43640421.6279693,2945083,7433301.26367968
"333","AK","1984","108-OUT",4,"TR",108,0,1,0,22518040,43640421.6279693,2945083,7433301.26367968
"334","AK","1984","150",1,"TR",150,0,0.982083333,0.0179166670000001,22518040,43640421.6279693,2945083,7433301.26367968
"335","AK","1984","150",2,"TR",150,0,0.880833333,0.119166667,22518040,43640421.6279693,2945083,7433301.26367968
"336","AK","1984","150",3,"TR",150,0,0.940833333,0.059166667,22518040,43640421.6279693,2945083,7433301.26367968
"337","AK","1984","150",4,"TR",150,0,0.960416667,0.0395833330000001,22518040,43640421.6279693,2945083,7433301.26367968
"338","AK","1984","152",1,"TR",152,77,0.975,0.025,22518040,43640421.6279693,2945083,7433301.26367968
"339","AK","1984","152",2,"TR",152,38,0.84,0.16,22518040,43640421.6279693,2945083,7433301.26367968
"340","AK","1984","152",3,"TR",152,0,0.94,0.0600000000000001,22518040,43640421.6279693,2945083,7433301.26367968
"341","AK","1984","152",4,"TR",152,94,0.94,0.0600000000000001,22518040,43640421.6279693,2945083,7433301.26367968
"342","BC","1984","3",1,"TR",3,20292,0.84,0.16,22518040,43640421.6279693,2945083,7433301.26367968
"343","BC","1984","3",2,"TR",3,20918,0.62,0.38,22518040,43640421.6279693,2945083,7433301.26367968
"344","BC","1984","3",3,"TR",3,30442,0.28,0.72,22518040,43640421.6279693,2945083,7433301.26367968
"345","BC","1984","3",4,"TR",3,32644,0.05,0.95,22518040,43640421.6279693,2945083,7433301.26367968
"346","BC","1984","4-IN",0,"GN",4,515154,0,1,22518040,43640421.6279693,2945083,7433301.26367968
"347","BC","1984","4-IN",0,"SE",4,124229,0,1,22518040,43640421.6279693,2945083,7433301.26367968
"348","BC","1984","4-OUT",1,"GN",4,7660.640603,0.54,0.46,22518040,43640421.6279693,2945083,7433301.26367968
"349","BC","1984","4-OUT",1,"SE",4,0,0.54,0.46,22518040,43640421.6279693,2945083,7433301.26367968
"350","BC","1984","4-OUT",2,"GN",4,30315.29131,0.42,0.58,22518040,43640421.6279693,2945083,7433301.26367968
"351","BC","1984","4-OUT",2,"SE",4,191267.3742,0.42,0.58,22518040,43640421.6279693,2945083,7433301.26367968
"352","BC","1984","4-OUT",3,"GN",4,9540.210478,0.2,0.8,22518040,43640421.6279693,2945083,7433301.26367968
"353","BC","1984","4-OUT",3,"SE",4,0,0.2,0.8,22518040,43640421.6279693,2945083,7433301.26367968
"354","BC","1984","4-OUT",4,"GN",4,0,0.23,0.77,22518040,43640421.6279693,2945083,7433301.26367968
"355","BC","1984","4-OUT",4,"SE",4,0,0.23,0.77,22518040,43640421.6279693,2945083,7433301.26367968
"356","BC","1984","4",1,"TR",4,7482,0.54,0.46,22518040,43640421.6279693,2945083,7433301.26367968
"357","BC","1984","4",2,"TR",4,22420,0.42,0.58,22518040,43640421.6279693,2945083,7433301.26367968
"358","BC","1984","4",3,"TR",4,29148,0.2,0.8,22518040,43640421.6279693,2945083,7433301.26367968
"359","BC","1984","4",4,"TR",4,14863,0.23,0.77,22518040,43640421.6279693,2945083,7433301.26367968
"360","BC","1984","5-IN",0,"GN",5,22640.33102,0,1,22518040,43640421.6279693,2945083,7433301.26367968
"361","BC","1984","5-IN",0,"SE",5,528104.4351,0,1,22518040,43640421.6279693,2945083,7433301.26367968
"362","BC","1984","5-OUT",1,"GN",5,110.2912271,0.86,0.14,22518040,43640421.6279693,2945083,7433301.26367968
"363","BC","1984","5-OUT",1,"SE",5,0,0.86,0.14,22518040,43640421.6279693,2945083,7433301.26367968
"364","BC","1984","5-OUT",2,"GN",5,2099.901986,0.29,0.71,22518040,43640421.6279693,2945083,7433301.26367968
"365","BC","1984","5-OUT",2,"SE",5,1631.123431,0.29,0.71,22518040,43640421.6279693,2945083,7433301.26367968
"366","BC","1984","5-OUT",3,"GN",5,2167.978384,0.11,0.89,22518040,43640421.6279693,2945083,7433301.26367968
"367","BC","1984","5-OUT",3,"SE",5,834.8164756,0.11,0.89,22518040,43640421.6279693,2945083,7433301.26367968
"368","BC","1984","5-OUT",4,"GN",5,311.4973838,0.4,0.6,22518040,43640421.6279693,2945083,7433301.26367968
"369","BC","1984","5-OUT",4,"SE",5,0,0.4,0.6,22518040,43640421.6279693,2945083,7433301.26367968
"370","BC","1984","5",1,"TR",5,126,0.86,0.14,22518040,43640421.6279693,2945083,7433301.26367968
"371","BC","1984","5",2,"TR",5,322,0.29,0.71,22518040,43640421.6279693,2945083,7433301.26367968
"372","BC","1984","5",3,"TR",5,657,0.11,0.89,22518040,43640421.6279693,2945083,7433301.26367968
"373","BC","1984","5",4,"TR",5,1145,0.4,0.6,22518040,43640421.6279693,2945083,7433301.26367968
"374","BC","1984","3-(2-4)",4,"SE",3,21759.1325,0.1,0.9,22518040,43640421.6279693,2945083,7433301.26367968
"375","BC","1984","3-(7-17)",1,"GN",3,38753.87718,0.91,0.09,22518040,43640421.6279693,2945083,7433301.26367968
"376","BC","1984","3-(7-17)",1,"SE",3,295801.6153,0.91,0.09,22518040,43640421.6279693,2945083,7433301.26367968
"377","BC","1984","3-(7-17)",2,"GN",3,48154.19742,0.6,0.4,22518040,43640421.6279693,2945083,7433301.26367968
"378","BC","1984","3-(7-17)",2,"SE",3,280478.2826,0.6,0.4,22518040,43640421.6279693,2945083,7433301.26367968
"379","BC","1984","3-(7-17)",3,"GN",3,61417.74229,0.33,0.67,22518040,43640421.6279693,2945083,7433301.26367968
"380","BC","1984","3-(7-17)",3,"SE",3,223781.9514,0.33,0.67,22518040,43640421.6279693,2945083,7433301.26367968
"381","BC","1984","3-(7-17)",4,"GN",3,8728.455076,0.14,0.86,22518040,43640421.6279693,2945083,7433301.26367968
"382","BC","1984","3-(7-17)",4,"SE",3,10904.08358,0.14,0.86,22518040,43640421.6279693,2945083,7433301.26367968
"383","BC","1984","3-(2-4)",4,"GN",3,1992.427702,0.1,0.9,22518040,43640421.6279693,2945083,7433301.26367968
"384","BC","1984","3-(2-4)",3,"SE",3,189862.222,0.53,0.47,22518040,43640421.6279693,2945083,7433301.26367968
"385","AK","1985","103-OUT",1,"SE",103,0,0.996666667,0.00333333300000005,31011300,62410717.4702742,2728955,7665313.60381581
"386","AK","1985","103-OUT",2,"SE",103,0,0.993333333,0.00666666699999996,31011300,62410717.4702742,2728955,7665313.60381581
"387","AK","1985","103-IN",0,"TR",103,17772,1,0,31011300,62410717.4702742,2728955,7665313.60381581
"388","AK","1985","104-NORTH",1,"SE",104,7418,0.95,0.05,31011300,62410717.4702742,2728955,7665313.60381581
"389","AK","1985","104-NORTH",2,"SE",104,689494,0.97,0.03,31011300,62410717.4702742,2728955,7665313.60381581
"390","AK","1985","104-NORTH",3,"SE",104,3929696,0.92,0.08,31011300,62410717.4702742,2728955,7665313.60381581
"391","AK","1985","104-NORTH",4,"SE",104,1633953,0.92,0.08,31011300,62410717.4702742,2728955,7665313.60381581
"392","AK","1985","104-SOUTH",1,"SE",104,10933,0.98,0.02,31011300,62410717.4702742,2728955,7665313.60381581
"393","AK","1985","104-SOUTH",2,"SE",104,324098,0.96,0.04,31011300,62410717.4702742,2728955,7665313.60381581
"394","AK","1985","104-SOUTH",3,"SE",104,1237163,0.96,0.04,31011300,62410717.4702742,2728955,7665313.60381581
"395","AK","1985","104-SOUTH",4,"SE",104,665895,0.87,0.13,31011300,62410717.4702742,2728955,7665313.60381581
"396","AK","1985","104",1,"TR",104,11215,0.965,0.035,31011300,62410717.4702742,2728955,7665313.60381581
"397","AK","1985","104",2,"TR",104,10131,0.965,0.035,31011300,62410717.4702742,2728955,7665313.60381581
"398","AK","1985","104",3,"TR",104,11825,0.94,0.0600000000000001,31011300,62410717.4702742,2728955,7665313.60381581
"399","AK","1985","103-OUT",3,"SE",103,976114,0.98,0.02,31011300,62410717.4702742,2728955,7665313.60381581
"400","AK","1985","103-OUT",4,"SE",103,1400918,1,0,31011300,62410717.4702742,2728955,7665313.60381581
"401","AK","1985","105",1,"TR",105,971,1,0,31011300,62410717.4702742,2728955,7665313.60381581
"402","AK","1985","105",2,"SE",105,21620,1,0,31011300,62410717.4702742,2728955,7665313.60381581
"403","AK","1985","105",2,"TR",105,2547,1,0,31011300,62410717.4702742,2728955,7665313.60381581
"404","AK","1985","105",3,"SE",105,968112,1,0,31011300,62410717.4702742,2728955,7665313.60381581
"405","AK","1985","105",3,"TR",105,6296,1,0,31011300,62410717.4702742,2728955,7665313.60381581
"406","AK","1985","105",4,"SE",105,815145,1,0,31011300,62410717.4702742,2728955,7665313.60381581
"407","AK","1985","105",4,"TR",105,1955,1,0,31011300,62410717.4702742,2728955,7665313.60381581
"408","AK","1985","106-IN",0,"GN",106,181,1,0,31011300,62410717.4702742,2728955,7665313.60381581
"409","AK","1985","106-IN",0,"SE",106,0,1,0,31011300,62410717.4702742,2728955,7665313.60381581
"410","AK","1985","106-IN",0,"TR",106,181,1,0,31011300,62410717.4702742,2728955,7665313.60381581
"411","AK","1985","106-OUT",1,"GN",106,49989,1,0,31011300,62410717.4702742,2728955,7665313.60381581
"412","AK","1985","104",4,"TR",104,6919,0.895,0.105,31011300,62410717.4702742,2728955,7665313.60381581
"413","AK","1985","105",1,"SE",105,0,1,0,31011300,62410717.4702742,2728955,7665313.60381581
"414","AK","1985","102-OUT",2,"SE",102,106584,1,0,31011300,62410717.4702742,2728955,7665313.60381581
"415","AK","1985","102-OUT",2,"TR",102,2532,1,0,31011300,62410717.4702742,2728955,7665313.60381581
"416","AK","1985","102-OUT",3,"GN",102,259,0.94,0.0600000000000001,31011300,62410717.4702742,2728955,7665313.60381581
"417","AK","1985","102-OUT",3,"SE",102,1366344,0.94,0.0600000000000001,31011300,62410717.4702742,2728955,7665313.60381581
"418","AK","1985","102-OUT",3,"TR",102,1919,0.94,0.0600000000000001,31011300,62410717.4702742,2728955,7665313.60381581
"419","AK","1985","102-OUT",4,"GN",102,0,1,0,31011300,62410717.4702742,2728955,7665313.60381581
"420","AK","1985","102-OUT",4,"SE",102,1060710,1,0,31011300,62410717.4702742,2728955,7665313.60381581
"421","AK","1985","102-OUT",4,"TR",102,751,1,0,31011300,62410717.4702742,2728955,7665313.60381581
"422","AK","1985","103-IN",0,"SE",103,5353031,1,0,31011300,62410717.4702742,2728955,7665313.60381581
"423","AK","1985","107-IN",0,"GN",107,0,1,0,31011300,62410717.4702742,2728955,7665313.60381581
"424","AK","1985","107-IN",0,"SE",107,0,1,0,31011300,62410717.4702742,2728955,7665313.60381581
"425","AK","1985","107-IN",0,"TR",107,0,1,0,31011300,62410717.4702742,2728955,7665313.60381581
"426","AK","1985","107-OUT",1,"SE",107,0,1,0,31011300,62410717.4702742,2728955,7665313.60381581
"427","AK","1985","107-OUT",1,"TR",107,53,1,0,31011300,62410717.4702742,2728955,7665313.60381581
"428","AK","1985","107-OUT",2,"SE",107,0,1,0,31011300,62410717.4702742,2728955,7665313.60381581
"429","AK","1985","107-OUT",2,"TR",107,165,1,0,31011300,62410717.4702742,2728955,7665313.60381581
"430","AK","1985","107-OUT",3,"SE",107,0,1,0,31011300,62410717.4702742,2728955,7665313.60381581
"431","AK","1985","107-OUT",3,"TR",107,63,1,0,31011300,62410717.4702742,2728955,7665313.60381581
"432","AK","1985","107-OUT",4,"SE",107,820,1,0,31011300,62410717.4702742,2728955,7665313.60381581
"433","AK","1985","107-OUT",4,"TR",107,28,1,0,31011300,62410717.4702742,2728955,7665313.60381581
"434","AK","1985","108-IN",0,"GN",108,4,1,0,31011300,62410717.4702742,2728955,7665313.60381581
"435","AK","1985","108-IN",0,"TR",108,4,1,0,31011300,62410717.4702742,2728955,7665313.60381581
"436","AK","1985","108-OUT",1,"GN",108,0,1,0,31011300,62410717.4702742,2728955,7665313.60381581
"437","AK","1985","108-OUT",1,"TR",108,49,1,0,31011300,62410717.4702742,2728955,7665313.60381581
"438","AK","1985","108-OUT",2,"GN",108,4525,1,0,31011300,62410717.4702742,2728955,7665313.60381581
"439","AK","1985","108-OUT",2,"TR",108,28,1,0,31011300,62410717.4702742,2728955,7665313.60381581
"440","AK","1985","108-OUT",3,"GN",108,650,1,0,31011300,62410717.4702742,2728955,7665313.60381581
"441","AK","1985","108-OUT",3,"TR",108,44,1,0,31011300,62410717.4702742,2728955,7665313.60381581
"442","AK","1985","108-OUT",4,"GN",108,150,1,0,31011300,62410717.4702742,2728955,7665313.60381581
"443","AK","1985","108-OUT",4,"TR",108,24,1,0,31011300,62410717.4702742,2728955,7665313.60381581
"444","AK","1985","150",1,"TR",150,0,0.992222222,0.00777777800000001,31011300,62410717.4702742,2728955,7665313.60381581
"445","AK","1985","150",2,"TR",150,0,0.984444444,0.015555556,31011300,62410717.4702742,2728955,7665313.60381581
"446","AK","1985","150",3,"TR",150,0,0.96,0.04,31011300,62410717.4702742,2728955,7665313.60381581
"447","AK","1985","150",4,"TR",150,0,0.956666667,0.043333333,31011300,62410717.4702742,2728955,7665313.60381581
"448","AK","1985","152",1,"TR",152,28,0.965,0.035,31011300,62410717.4702742,2728955,7665313.60381581
"449","AK","1985","152",2,"TR",152,249,0.965,0.035,31011300,62410717.4702742,2728955,7665313.60381581
"450","AK","1985","152",3,"TR",152,0,0.94,0.0600000000000001,31011300,62410717.4702742,2728955,7665313.60381581
"451","AK","1985","152",4,"TR",152,16,0.895,0.105,31011300,62410717.4702742,2728955,7665313.60381581
"452","AK","1985","106-OUT",1,"SE",106,0,1,0,31011300,62410717.4702742,2728955,7665313.60381581
"453","AK","1985","106-OUT",1,"TR",106,248,1,0,31011300,62410717.4702742,2728955,7665313.60381581
"454","AK","1985","106-OUT",2,"GN",106,283032,1,0,31011300,62410717.4702742,2728955,7665313.60381581
"455","AK","1985","106-OUT",2,"SE",106,0,1,0,31011300,62410717.4702742,2728955,7665313.60381581
"456","AK","1985","106-OUT",2,"TR",106,1160,1,0,31011300,62410717.4702742,2728955,7665313.60381581
"457","AK","1985","106-OUT",3,"GN",106,133216,1,0,31011300,62410717.4702742,2728955,7665313.60381581
"458","AK","1985","106-OUT",3,"SE",106,0,1,0,31011300,62410717.4702742,2728955,7665313.60381581
"459","AK","1985","106-OUT",3,"TR",106,3773,1,0,31011300,62410717.4702742,2728955,7665313.60381581
"460","AK","1985","106-OUT",4,"GN",106,118716,1,0,31011300,62410717.4702742,2728955,7665313.60381581
"461","AK","1985","106-OUT",4,"SE",106,208189,1,0,31011300,62410717.4702742,2728955,7665313.60381581
"462","AK","1985","106-OUT",4,"TR",106,2869,1,0,31011300,62410717.4702742,2728955,7665313.60381581
"463","AK","1985","101-ANN",1,"GN",101,37088,1,0,31011300,62410717.4702742,2728955,7665313.60381581
"464","AK","1985","101-ANN",1,"OG",101,21652,1,0,31011300,62410717.4702742,2728955,7665313.60381581
"465","AK","1985","101-ANN",1,"SE",101,2685,1,0,31011300,62410717.4702742,2728955,7665313.60381581
"466","AK","1985","101-ANN",2,"GN",101,120508,0.98,0.02,31011300,62410717.4702742,2728955,7665313.60381581
"467","AK","1985","101-ANN",2,"OG",101,92853,0.98,0.02,31011300,62410717.4702742,2728955,7665313.60381581
"468","AK","1985","101-ANN",2,"SE",101,37910,0.98,0.02,31011300,62410717.4702742,2728955,7665313.60381581
"469","AK","1985","101-ANN",3,"GN",101,149572,0.9,0.1,31011300,62410717.4702742,2728955,7665313.60381581
"470","AK","1985","101-ANN",3,"OG",101,249899,0.9,0.1,31011300,62410717.4702742,2728955,7665313.60381581
"471","AK","1985","101-ANN",3,"SE",101,252372,0.9,0.1,31011300,62410717.4702742,2728955,7665313.60381581
"472","AK","1985","101-ANN",4,"GN",101,99329,0.83,0.17,31011300,62410717.4702742,2728955,7665313.60381581
"473","AK","1985","101-ANN",4,"OG",101,158275,0.83,0.17,31011300,62410717.4702742,2728955,7665313.60381581
"474","AK","1985","101-ANN",4,"SE",101,195456,0.83,0.17,31011300,62410717.4702742,2728955,7665313.60381581
"475","AK","1985","101-IN",0,"GN",101,6,1,0,31011300,62410717.4702742,2728955,7665313.60381581
"476","AK","1985","101-IN",0,"SE",101,1842398,1,0,31011300,62410717.4702742,2728955,7665313.60381581
"477","AK","1985","101-IN",0,"TR",101,6,1,0,31011300,62410717.4702742,2728955,7665313.60381581
"478","AK","1985","101-OUT",1,"GN",101,20902,0.98,0.02,31011300,62410717.4702742,2728955,7665313.60381581
"479","AK","1985","101-OUT",1,"SE",101,0,1,0,31011300,62410717.4702742,2728955,7665313.60381581
"480","AK","1985","101-OUT",1,"TR",101,2767,1,0,31011300,62410717.4702742,2728955,7665313.60381581
"481","AK","1985","101-OUT",2,"GN",101,264091,0.9,0.1,31011300,62410717.4702742,2728955,7665313.60381581
"482","AK","1985","101-OUT",2,"SE",101,1050727,0.98,0.02,31011300,62410717.4702742,2728955,7665313.60381581
"483","AK","1985","101-OUT",2,"TR",101,7406,0.99,0.01,31011300,62410717.4702742,2728955,7665313.60381581
"484","AK","1985","101-OUT",3,"GN",101,306839,0.67,0.33,31011300,62410717.4702742,2728955,7665313.60381581
"485","AK","1985","101-OUT",3,"SE",101,2057587,0.9,0.1,31011300,62410717.4702742,2728955,7665313.60381581
"486","AK","1985","101-OUT",3,"TR",101,2310,0.92,0.08,31011300,62410717.4702742,2728955,7665313.60381581
"487","AK","1985","101-OUT",4,"GN",101,99617,0.52,0.48,31011300,62410717.4702742,2728955,7665313.60381581
"488","AK","1985","101-OUT",4,"SE",101,2155929,0.83,0.17,31011300,62410717.4702742,2728955,7665313.60381581
"489","AK","1985","101-OUT",4,"TR",101,1789,0.915,0.085,31011300,62410717.4702742,2728955,7665313.60381581
"490","AK","1985","102-IN",0,"SE",102,9558,1,0,31011300,62410717.4702742,2728955,7665313.60381581
"491","AK","1985","102-OUT",1,"GN",102,0,1,0,31011300,62410717.4702742,2728955,7665313.60381581
"492","AK","1985","102-OUT",1,"SE",102,0,1,0,31011300,62410717.4702742,2728955,7665313.60381581
"493","AK","1985","102-OUT",1,"TR",102,663,1,0,31011300,62410717.4702742,2728955,7665313.60381581
"494","AK","1985","102-OUT",2,"GN",102,0,1,0,31011300,62410717.4702742,2728955,7665313.60381581
"495","BC","1985","1-IN",0,"GN",1,0,0,1,31011300,62410717.4702742,2728955,7665313.60381581
"496","BC","1985","1-IN",0,"SE",1,0,0,1,31011300,62410717.4702742,2728955,7665313.60381581
"497","BC","1985","1-OUT",1,"GN",1,4,0.72,0.28,31011300,62410717.4702742,2728955,7665313.60381581
"498","BC","1985","1-OUT",1,"SE",1,12550,0.72,0.28,31011300,62410717.4702742,2728955,7665313.60381581
"499","BC","1985","1-OUT",2,"GN",1,0,0.23,0.77,31011300,62410717.4702742,2728955,7665313.60381581
"500","BC","1985","1-OUT",2,"SE",1,146639,0.23,0.77,31011300,62410717.4702742,2728955,7665313.60381581
"501","BC","1985","1-OUT",3,"GN",1,0,0.43,0.57,31011300,62410717.4702742,2728955,7665313.60381581
"502","BC","1985","1-OUT",3,"SE",1,58750,0.43,0.57,31011300,62410717.4702742,2728955,7665313.60381581
"503","BC","1985","1-OUT",4,"GN",1,80,0.445,0.555,31011300,62410717.4702742,2728955,7665313.60381581
"504","BC","1985","1-OUT",4,"SE",1,18684,0.445,0.555,31011300,62410717.4702742,2728955,7665313.60381581
"505","BC","1985","1",1,"TR",1,153627,0.826666667,0.173333333,31011300,62410717.4702742,2728955,7665313.60381581
"506","BC","1985","1",2,"TR",1,149028,0.58,0.42,31011300,62410717.4702742,2728955,7665313.60381581
"507","BC","1985","1",3,"TR",1,249077,0.56,0.44,31011300,62410717.4702742,2728955,7665313.60381581
"508","BC","1985","1",4,"TR",1,134169,0.536666667,0.463333333,31011300,62410717.4702742,2728955,7665313.60381581
"509","BC","1985","2E",0,"GN",2,0,0,1,31011300,62410717.4702742,2728955,7665313.60381581
"510","BC","1985","2E",0,"SE",2,0,0,1,31011300,62410717.4702742,2728955,7665313.60381581
"511","BC","1985","2E",1,"TR",2,0,0,1,31011300,62410717.4702742,2728955,7665313.60381581
"512","BC","1985","2E",2,"TR",2,0,0,1,31011300,62410717.4702742,2728955,7665313.60381581
"513","BC","1985","2E",3,"TR",2,0,0,1,31011300,62410717.4702742,2728955,7665313.60381581
"514","BC","1985","2E",4,"TR",2,0,0,1,31011300,62410717.4702742,2728955,7665313.60381581
"515","BC","1985","2W",0,"GN",2,0,0,1,31011300,62410717.4702742,2728955,7665313.60381581
"516","BC","1985","2W",0,"SE",2,0,0,1,31011300,62410717.4702742,2728955,7665313.60381581
"517","BC","1985","2W",1,"TR",2,0,0,1,31011300,62410717.4702742,2728955,7665313.60381581
"518","BC","1985","2W",2,"TR",2,0,0,1,31011300,62410717.4702742,2728955,7665313.60381581
"519","BC","1985","2W",3,"TR",2,0,0,1,31011300,62410717.4702742,2728955,7665313.60381581
"520","BC","1985","2W",4,"TR",2,0,0,1,31011300,62410717.4702742,2728955,7665313.60381581
"521","BC","1985","3-(1)",1,"GN",3,1569.077366,1,0,31011300,62410717.4702742,2728955,7665313.60381581
"522","BC","1985","3-(1)",1,"SE",3,8274.257046,1,0,31011300,62410717.4702742,2728955,7665313.60381581
"523","BC","1985","3-(1)",2,"GN",3,9153.625303,0.54,0.46,31011300,62410717.4702742,2728955,7665313.60381581
"524","BC","1985","3-(1)",2,"SE",3,119036.0459,0.54,0.46,31011300,62410717.4702742,2728955,7665313.60381581
"525","BC","1985","3-(1)",3,"GN",3,1650.968646,0.19,0.81,31011300,62410717.4702742,2728955,7665313.60381581
"526","BC","1985","3-(1)",3,"SE",3,176031.1076,0.19,0.81,31011300,62410717.4702742,2728955,7665313.60381581
"527","BC","1985","3-(1)",4,"GN",3,0,0.09,0.91,31011300,62410717.4702742,2728955,7665313.60381581
"528","BC","1985","3-(1)",4,"SE",3,0,0.09,0.91,31011300,62410717.4702742,2728955,7665313.60381581
"529","BC","1985","3-(2-4)",1,"GN",3,1371.931692,0.92,0.08,31011300,62410717.4702742,2728955,7665313.60381581
"530","BC","1985","3-(2-4)",1,"SE",3,22396.02226,0.92,0.08,31011300,62410717.4702742,2728955,7665313.60381581
"531","BC","1985","3-(2-4)",2,"GN",3,3569.853208,0.89,0.11,31011300,62410717.4702742,2728955,7665313.60381581
"532","BC","1985","3-(2-4)",2,"SE",3,388252.3311,0.89,0.11,31011300,62410717.4702742,2728955,7665313.60381581
"533","BC","1985","3-(2-4)",3,"GN",3,5806.192856,0.71,0.29,31011300,62410717.4702742,2728955,7665313.60381581
"534","BC","1985","3-(2-4)",3,"SE",3,495924.3309,0.71,0.29,31011300,62410717.4702742,2728955,7665313.60381581
"535","BC","1985","3-(2-4)",4,"GN",3,4848.772582,0.22,0.78,31011300,62410717.4702742,2728955,7665313.60381581
"536","BC","1985","3-(2-4)",4,"SE",3,36406.731,0.22,0.78,31011300,62410717.4702742,2728955,7665313.60381581
"537","BC","1985","3-(7-17)",1,"GN",3,159.7385463,0.99,0.01,31011300,62410717.4702742,2728955,7665313.60381581
"538","BC","1985","3-(7-17)",1,"SE",3,5937.67283,0.99,0.01,31011300,62410717.4702742,2728955,7665313.60381581
"539","BC","1985","3-(7-17)",2,"GN",3,95487.25454,0.84,0.16,31011300,62410717.4702742,2728955,7665313.60381581
"540","BC","1985","3-(7-17)",2,"SE",3,489589.7137,0.84,0.16,31011300,62410717.4702742,2728955,7665313.60381581
"541","BC","1985","3-(7-17)",3,"GN",3,48422.01059,0.54,0.46,31011300,62410717.4702742,2728955,7665313.60381581
"542","BC","1985","3-(7-17)",3,"SE",3,691893.924,0.54,0.46,31011300,62410717.4702742,2728955,7665313.60381581
"543","BC","1985","3-(7-17)",4,"GN",3,2533.574664,0.18,0.82,31011300,62410717.4702742,2728955,7665313.60381581
"544","BC","1985","3-(7-17)",4,"SE",3,23310.8637,0.18,0.82,31011300,62410717.4702742,2728955,7665313.60381581
"545","BC","1985","3",1,"TR",3,9889,1,0,31011300,62410717.4702742,2728955,7665313.60381581
"546","BC","1985","3",2,"TR",3,14925,0.54,0.46,31011300,62410717.4702742,2728955,7665313.60381581
"547","BC","1985","3",3,"TR",3,15188,0.19,0.81,31011300,62410717.4702742,2728955,7665313.60381581
"548","BC","1985","3",4,"TR",3,8904,0.09,0.91,31011300,62410717.4702742,2728955,7665313.60381581
"549","BC","1985","4-IN",0,"GN",4,874780,0,1,31011300,62410717.4702742,2728955,7665313.60381581
"550","BC","1985","4-IN",0,"SE",4,507182,0,1,31011300,62410717.4702742,2728955,7665313.60381581
"551","BC","1985","4-OUT",1,"GN",4,18953.06116,1,0,31011300,62410717.4702742,2728955,7665313.60381581
"552","BC","1985","4-OUT",1,"SE",4,0,1,0,31011300,62410717.4702742,2728955,7665313.60381581
"553","BC","1985","4-OUT",2,"GN",4,46450.56391,0.13,0.87,31011300,62410717.4702742,2728955,7665313.60381581
"554","BC","1985","4-OUT",2,"SE",4,241608.1751,0.13,0.87,31011300,62410717.4702742,2728955,7665313.60381581
"555","BC","1985","4-OUT",3,"GN",4,8289.696367,0.07,0.93,31011300,62410717.4702742,2728955,7665313.60381581
"556","BC","1985","4-OUT",3,"SE",4,0,0.07,0.93,31011300,62410717.4702742,2728955,7665313.60381581
"557","BC","1985","4-OUT",4,"GN",4,1559.577531,0,1,31011300,62410717.4702742,2728955,7665313.60381581
"558","BC","1985","4-OUT",4,"SE",4,0,0,1,31011300,62410717.4702742,2728955,7665313.60381581
"559","BC","1985","4",1,"TR",4,8764,1,0,31011300,62410717.4702742,2728955,7665313.60381581
"560","BC","1985","4",2,"TR",4,6782,0.13,0.87,31011300,62410717.4702742,2728955,7665313.60381581
"561","BC","1985","4",3,"TR",4,10483,0.07,0.93,31011300,62410717.4702742,2728955,7665313.60381581
"562","BC","1985","4",4,"TR",4,3390,0,1,31011300,62410717.4702742,2728955,7665313.60381581
"563","BC","1985","5-IN",0,"GN",5,11069.06096,0,1,31011300,62410717.4702742,2728955,7665313.60381581
"564","BC","1985","5-IN",0,"SE",5,280111.1535,0,1,31011300,62410717.4702742,2728955,7665313.60381581
"565","BC","1985","5-OUT",1,"GN",5,271.0281575,0.99,0.01,31011300,62410717.4702742,2728955,7665313.60381581
"566","BC","1985","5-OUT",1,"SE",5,0,0.99,0.01,31011300,62410717.4702742,2728955,7665313.60381581
"567","BC","1985","5-OUT",2,"GN",5,1098.347026,0.17,0.83,31011300,62410717.4702742,2728955,7665313.60381581
"568","BC","1985","5-OUT",2,"SE",5,2381.237651,0.17,0.83,31011300,62410717.4702742,2728955,7665313.60381581
"569","BC","1985","5-OUT",3,"GN",5,1221.563855,0.07,0.93,31011300,62410717.4702742,2728955,7665313.60381581
"570","BC","1985","5-OUT",3,"SE",5,423.6088432,0.07,0.93,31011300,62410717.4702742,2728955,7665313.60381581
"571","BC","1985","5-OUT",4,"GN",5,0,0,1,31011300,62410717.4702742,2728955,7665313.60381581
"572","BC","1985","5-OUT",4,"SE",5,0,0,1,31011300,62410717.4702742,2728955,7665313.60381581
"573","BC","1985","5",1,"TR",5,721,0.99,0.01,31011300,62410717.4702742,2728955,7665313.60381581
"574","BC","1985","5",2,"TR",5,8316,0.17,0.83,31011300,62410717.4702742,2728955,7665313.60381581
"575","BC","1985","5",3,"TR",5,6315,0.07,0.93,31011300,62410717.4702742,2728955,7665313.60381581
"576","BC","1985","5",4,"TR",5,1498,0,1,31011300,62410717.4702742,2728955,7665313.60381581
